,Accuracy,MCC,F1
knn,0.7701149425287356,0.6084183647979278,0.7655142619855425
dt,0.7873563218390804,0.6396999776212386,0.7860207991242475
rf,0.9885057471264368,0.9808798986748238,0.9884811716308339
mlp,0.8793103448275862,0.7946814524071225,0.8738347797302192
stack,0.7931034482758621,0.6418046817052343,0.7787217254995058
