,Accuracy,MCC,F1
knn,0.7701149425287356,0.6084183647979278,0.7655142619855425
dt,0.7873563218390804,0.6396999776212386,0.7860207991242475
rf,0.9885057471264368,0.9808798986748238,0.9884811716308339
mlp,0.8505747126436781,0.7451724408962527,0.8456411474143813
stack,0.8448275862068966,0.7333950923684199,0.8314377423510771
